{
  "best_global_step": null,
  "best_metric": null,
  "best_model_checkpoint": null,
  "epoch": 0.2244039270687237,
  "eval_steps": 500,
  "global_step": 20,
  "is_hyper_param_search": false,
  "is_local_process_zero": true,
  "is_world_process_zero": true,
  "log_history": [
    {
      "entropy": 1.9141384944319726,
      "epoch": 0.056100981767180924,
      "grad_norm": 0.69921875,
      "learning_rate": 1.6e-06,
      "loss": 2.9359243392944334,
      "mean_token_accuracy": 0.5158978685736656,
      "num_tokens": 41399.0,
      "step": 5
    },
    {
      "entropy": 2.0083455055952073,
      "epoch": 0.11220196353436185,
      "grad_norm": 1.09375,
      "learning_rate": 1.989091608371146e-06,
      "loss": 3.0619667053222654,
      "mean_token_accuracy": 0.5027263842523098,
      "num_tokens": 82940.0,
      "step": 10
    },
    {
      "entropy": 2.0089880540966987,
      "epoch": 0.16830294530154277,
      "grad_norm": 1.1171875,
      "learning_rate": 1.9451838281608196e-06,
      "loss": 2.9940563201904298,
      "mean_token_accuracy": 0.49527404457330704,
      "num_tokens": 125200.0,
      "step": 15
    },
    {
      "entropy": 2.0309027999639513,
      "epoch": 0.2244039270687237,
      "grad_norm": 0.71875,
      "learning_rate": 1.8690889463055281e-06,
      "loss": 3.1907421112060548,
      "mean_token_accuracy": 0.5012140043079854,
      "num_tokens": 160629.0,
      "step": 20
    }
  ],
  "logging_steps": 5,
  "max_steps": 90,
  "num_input_tokens_seen": 0,
  "num_train_epochs": 1,
  "save_steps": 20,
  "stateful_callbacks": {
    "TrainerControl": {
      "args": {
        "should_epoch_stop": false,
        "should_evaluate": false,
        "should_log": false,
        "should_save": true,
        "should_training_stop": false
      },
      "attributes": {}
    }
  },
  "total_flos": 1.9602782523241344e+16,
  "train_batch_size": 1,
  "trial_name": null,
  "trial_params": null
}
