{
  "best_global_step": null,
  "best_metric": null,
  "best_model_checkpoint": null,
  "epoch": 3.3333333333333335,
  "eval_steps": 500,
  "global_step": 20,
  "is_hyper_param_search": false,
  "is_local_process_zero": true,
  "is_world_process_zero": true,
  "log_history": [
    {
      "entropy": 2.4635180950164797,
      "epoch": 0.8333333333333334,
      "grad_norm": 1.3125,
      "learning_rate": 8e-05,
      "loss": 3.6285354614257814,
      "mean_token_accuracy": 0.41625760719180105,
      "num_tokens": 74192.0,
      "step": 5
    },
    {
      "entropy": 2.157377779483795,
      "epoch": 1.6666666666666665,
      "grad_norm": 0.474609375,
      "learning_rate": 9.78800299954203e-05,
      "loss": 2.583347702026367,
      "mean_token_accuracy": 0.51588174700737,
      "num_tokens": 147106.0,
      "step": 10
    },
    {
      "entropy": 1.4971336364746093,
      "epoch": 2.5,
      "grad_norm": 0.21875,
      "learning_rate": 8.957482442146272e-05,
      "loss": 1.844942283630371,
      "mean_token_accuracy": 0.6149169698357582,
      "num_tokens": 211749.0,
      "step": 15
    },
    {
      "entropy": 1.2696750447154046,
      "epoch": 3.3333333333333335,
      "grad_norm": 0.2138671875,
      "learning_rate": 7.604701702439651e-05,
      "loss": 1.3405871391296387,
      "mean_token_accuracy": 0.6596556812524795,
      "num_tokens": 288179.0,
      "step": 20
    }
  ],
  "logging_steps": 5,
  "max_steps": 48,
  "num_input_tokens_seen": 0,
  "num_train_epochs": 8,
  "save_steps": 20,
  "stateful_callbacks": {
    "TrainerControl": {
      "args": {
        "should_epoch_stop": false,
        "should_evaluate": false,
        "should_log": false,
        "should_save": true,
        "should_training_stop": false
      },
      "attributes": {}
    }
  },
  "total_flos": 3.5168682272598144e+16,
  "train_batch_size": 1,
  "trial_name": null,
  "trial_params": null
}
